確定日時,属性,値_new1,値_ver1,ユーザー_new1,ユーザー_ver1,ファイル名
2025-05-19 13:20:29,年月,202505,,永井,永井,1人目_P001:Sample画像1_3件.pdf
2025-05-19 13:20:29,年齢など,1,,永井,永井,1人目_P001:Sample画像1_3件.pdf
2025-05-19 13:20:29,性別,1,,永井,永井,1人目_P001:Sample画像1_3件.pdf
2025-05-19 13:20:29,お住まい,2,,永井,永井,1人目_P001:Sample画像1_3件.pdf
2025-05-19 13:20:29,評価①,1,,永井,永井,1人目_P001:Sample画像1_3件.pdf
2025-05-19 13:20:29,評価②,2,,永井,永井,1人目_P001:Sample画像1_3件.pdf
2025-05-19 13:20:29,評価③,1,,永井,永井,1人目_P001:Sample画像1_3件.pdf
2025-05-19 13:20:29,ご感想,とても良い勉強になりました。,,永井,永井,1人目_P001:Sample画像1_3件.pdf
2025-05-19 13:20:31,年月,202506,,永井,永井,2人目_P002:Sample画像1_3件.pdf
2025-05-19 13:20:31,年齢など,1_7,,永井,永井,2人目_P002:Sample画像1_3件.pdf
2025-05-19 13:20:31,性別,2,,永井,永井,2人目_P002:Sample画像1_3件.pdf
2025-05-19 13:20:31,お住まい,1,,永井,永井,2人目_P002:Sample画像1_3件.pdf
2025-05-19 13:20:31,評価①,3,,永井,永井,2人目_P002:Sample画像1_3件.pdf
2025-05-19 13:20:31,評価②,2,,永井,永井,2人目_P002:Sample画像1_3件.pdf
2025-05-19 13:20:31,評価③,3,,永井,永井,2人目_P002:Sample画像1_3件.pdf
2025-05-19 13:20:31,ご感想,初めて知ることばかりで驚きました。,,永井,永井,2人目_P002:Sample画像1_3件.pdf
2025-05-19 13:20:34,年月,202505,,永井,永井,3人目_P003:Sample画像1_3件.pdf
2025-05-19 13:20:34,年齢など,7_8,,永井,永井,3人目_P003:Sample画像1_3件.pdf
2025-05-19 13:20:34,性別,12,,永井,永井,3人目_P003:Sample画像1_3件.pdf
2025-05-19 13:20:34,お住まい,3,,永井,永井,3人目_P003:Sample画像1_3件.pdf
2025-05-19 13:20:34,評価①,3,,永井,永井,3人目_P003:Sample画像1_3件.pdf
2025-05-19 13:20:34,評価②,2,,永井,永井,3人目_P003:Sample画像1_3件.pdf
2025-05-19 13:20:34,評価③,5,,永井,永井,3人目_P003:Sample画像1_3件.pdf
2025-05-19 13:20:34,ご感想,●●●●●●●●●●●●（韓国語のため内容不明）,,永井,永井,3人目_P003:Sample画像1_3件.pdf
2025-05-19 13:20:36,年月,202504,,永井,永井,4人目_P001:Sample画像2_2件.pdf
2025-05-19 13:20:36,年齢など,1_2_3,,永井,永井,4人目_P001:Sample画像2_2件.pdf
2025-05-19 13:20:36,性別,12,,永井,永井,4人目_P001:Sample画像2_2件.pdf
2025-05-19 13:20:36,お住まい,2,,永井,永井,4人目_P001:Sample画像2_2件.pdf
2025-05-19 13:20:36,評価①,2,,永井,永井,4人目_P001:Sample画像2_2件.pdf
2025-05-19 13:20:36,評価②,2,,永井,永井,4人目_P001:Sample画像2_2件.pdf
2025-05-19 13:20:36,評価③,1,,永井,永井,4人目_P001:Sample画像2_2件.pdf
2025-05-19 13:20:36,ご感想,子どもにもわかりやすい説明でした。,,永井,永井,4人目_P001:Sample画像2_2件.pdf
2025-05-19 13:20:39,年月,202505,,永井,永井,5人目_P002:Sample画像2_2件.pdf
2025-05-19 13:20:39,年齢など,10_11_12,,永井,永井,5人目_P002:Sample画像2_2件.pdf
2025-05-19 13:20:39,性別,1,,永井,永井,5人目_P002:Sample画像2_2件.pdf
2025-05-19 13:20:39,お住まい,1,,永井,永井,5人目_P002:Sample画像2_2件.pdf
2025-05-19 13:20:39,評価①,1,,永井,永井,5人目_P002:Sample画像2_2件.pdf
2025-05-19 13:20:39,評価②,1,,永井,永井,5人目_P002:Sample画像2_2件.pdf
2025-05-19 13:20:39,評価③,1,,永井,永井,5人目_P002:Sample画像2_2件.pdf
2025-05-19 13:20:39,ご感想,Thank you for the valiable experience.,,永井,永井,5人目_P002:Sample画像2_2件.pdf
